{"cameraMode":{"drawMode":0,"name":"Shaded","section":"Shading Mode"},"sceneLighting":true,"audioPlay":false,"sceneViewState":{"m_AlwaysRefresh":false,"showFog":true,"showSkybox":true,"showFlares":true,"showImageEffects":true,"showParticleSystems":true,"showVisualEffectGraphs":true,"m_FxEnabled":true},"in2DMode":false,"pivot":{"x":0.008025586605072022,"y":0.9088345766067505,"z":-2.822211265563965},"rotation":{"x":-0.10943333804607392,"y":0.2106485217809677,"z":-0.02373356558382511,"w":-0.9711588621139526},"size":2.2111847400665285,"orthographic":false}